{
    "rmse": 0.6853234260644543,
    "mae": 0.5407479997647858,
    "r2": 0.2822644533903014
}